name,address,email,bs,city,state,date_time,paragraph,conrad,race
Michelle Oneal,"86154 Natalie Cliffs Suite 708
West Shawnchester, HI 21716",creyes@morrison-ward.org,benchmark mission-critical solutions,North Sarah,Iowa,2012-02-26 10:32:14,Argue senior TV second level yes market. Side quality way result provide house.,Open-architected reciprocal software,"Sub Aryan(Spain, Italy, Greek)"
Kimberly Marsh,"400 Denise Well
Fisherburgh, ND 44080",hernandezlindsay@yahoo.com,facilitate clicks-and-mortar action-items,Cynthialand,Connecticut,2019-04-16 17:32:07,Number international sign hot return hour crime save. Apply lose provide.,Enhanced content-based moderator,Eastern Negroid (Somalia/Ethiopia/Sudan/Chad)
Lauren Brown,"121 Robinson Lodge
Port Rebecca, FL 89091",barrydavis@fowler.com,integrate B2C convergence,Port Andre,South Dakota,1988-12-26 00:53:08,Indeed human phone material. Listen across challenge actually financial success modern.,Assimilated human-resource data-warehouse,Western Negroid(Western Africa and most African Americans as they were taken to the United States from Western Africa)
Lucas Carter,"2500 Jeremy Village
Susanhaven, MT 04440",melissa34@griffin-ross.com,unleash magnetic initiatives,New Zachary,Minnesota,1985-11-02 05:43:31,Player than put environmental. Country nice summer far. Heart support ball drop.,Business-focused bandwidth-monitored frame,Western Negroid(Western Africa and most African Americans as they were taken to the United States from Western Africa)
Suzanne Stanley,"371 Carol River Apt. 975
Williamstown, OH 58227",ngonzalez@gmail.com,mesh innovative web-readiness,New Hollyhaven,Colorado,1996-08-14 09:53:40,Successful hold even animal phone.,Ameliorated asymmetric algorithm,Mongolese (ancestor to many of the current Asians)
Cassandra Morrison,"9153 Carroll Land Apt. 552
Ramseyview, GA 19136",sandrawright@yahoo.com,evolve killer initiatives,Port Marissachester,Virginia,1987-04-12 00:37:42,Space develop economic issue suffer safe. Despite American throughout keep. Stage wind action indeed. Second party within open office.,Ergonomic eco-centric array,"Australoid(Australian natives, indonesia)"
Brianna Koch,"59249 Watson Pike
Richardsonview, WA 68516",monica77@yahoo.com,redefine visionary partnerships,Duffyview,New Hampshire,2010-05-07 02:35:39,Central need fall. Spring reduce assume method operation. Alone couple too husband capital offer situation.,Programmable systemic Internet solution,Dravidans (South India/ Sri Lanka)
Jessica Schroeder,"5244 David View Apt. 769
Port Charleneview, AZ 52720",hdavis@hotmail.com,engineer efficient channels,Turnerton,Maine,2001-10-21 13:20:28,Stage music research girl poor.,Universal human-resource parallelism,American Natives (Cherokee/ Al paca tribes)
Deborah Chen,"2656 Nathan Groves Suite 123
Port Jennifer, AZ 21474",sbailey@hotmail.com,morph cutting-edge channels,West Kelsey,Oregon,2011-03-21 09:27:03,Condition mission how. But analysis modern power never.,Implemented mobile frame,"Sub Aryan(Spain, Italy, Greek)"
George Fisher,"17472 Danny Walk
West Debra, LA 76845",hcampbell@burton.com,syndicate cross-media action-items,West Rhondaborough,New Jersey,2003-01-22 21:11:44,Hit for good generation also but. Republican respond message. Head around PM collection. News here protect international quickly economy break.,Integrated dynamic budgetary management,Caucasoid Aryan(Western and Northern Europe)
Donald Robles,"9285 Daniel Manor Apt. 068
Diazborough, AZ 68224",harrisjames@turner-hines.com,generate proactive experiences,Deanfurt,Tennessee,1985-06-02 20:44:11,Toward economic soon establish. Stage under too interview section. Course new head beyond lay camera.,Public-key contextually-based middleware,Eastern Negroid (Somalia/Ethiopia/Sudan/Chad)
Mercedes Todd,"416 Farmer Ports Suite 734
West Erica, WY 97794",kdowns@gmail.com,synthesize customized experiences,Deborahfurt,Missouri,2018-03-16 23:26:03,Way five brother stand drop series contain. Economy family performance age thus. Beyond room happen between store general someone.,Organized transitional collaboration,Dravidans (South India/ Sri Lanka)
Kim Hamilton,"76363 Stacey Village Suite 258
Johnathanbury, AZ 89602",danaramsey@atkins.com,integrate plug-and-play solutions,Lake Christinabury,Vermont,1985-04-17 10:12:09,Third successful and almost news sister. Audience back one must. Career detail support responsibility federal generation school.,Profound contextually-based website,Dravidans (South India/ Sri Lanka)
William Burke,"Unit 1201 Box 1570
DPO AP 28058",wilsonemily@hotmail.com,re-intermediate sexy architectures,West Robin,Alabama,2013-04-20 22:19:45,Military wall national wear answer. Second probably provide doctor mother.,Organized 5thgeneration intranet,Eastern Negroid (Somalia/Ethiopia/Sudan/Chad)
Ruben Suarez,"070 Candice Roads
Oneillfurt, FL 84405",nsmith@hotmail.com,engineer synergistic info-mediaries,Davisview,Utah,1985-05-25 00:39:05,Rest family firm technology relationship still. Hotel ok worker chance TV call. Nice today which morning make democratic nearly.,Compatible dedicated analyzer,Dravidans (South India/ Sri Lanka)
Debra Wright,"56413 Parker Rue
Larryburgh, MI 23057",olivervictor@fernandez.com,integrate real-time interfaces,Diazfurt,Vermont,1976-01-23 05:56:24,Admit level board enough. Land whose one color machine. Throughout loss size present discuss blue local.,Multi-channeled logistical toolset,"Australoid(Australian natives, indonesia)"
Rachel Wells,"USS Lewis
FPO AE 78218",webbtammy@pope.org,engineer leading-edge models,Aguirreland,Arizona,1989-06-29 03:57:56,Really possible move foreign explain. Wear early realize sell. Write market owner live north.,Cross-group non-volatile synergy,Eastern Negroid (Somalia/Ethiopia/Sudan/Chad)
Sue Barrera,"667 Moran Harbor Apt. 312
New Douglasburgh, IA 06241",esmith@gmail.com,re-intermediate ubiquitous bandwidth,Adamshaven,Wisconsin,1982-07-02 11:57:25,Give maintain scientist all agreement ahead.,Operative even-keeled superstructure,Dravidans (South India/ Sri Lanka)
Jennifer Lang,"PSC 1344, Box 5872
APO AE 59217",normanalicia@strickland.net,revolutionize turn-key supply-chains,East Dean,Nebraska,2000-09-21 23:06:16,Over beyond mind away production.,Customer-focused discrete capability,"Australoid(Australian natives, indonesia)"
Samantha Mcdonald,"743 Knox Court
Port Patrickberg, NE 21720",james68@hotmail.com,evolve back-end e-markets,New Jameshaven,Kansas,1975-07-03 06:31:12,Bit effect difficult year good whatever senior. Mind share six employee produce his event around. Participant know store article.,Networked solution-oriented collaboration,Western Negroid(Western Africa and most African Americans as they were taken to the United States from Western Africa)
Dr. Kimberly Mitchell,"4248 Jeffery Way Suite 460
Schmidtberg, MD 02095",brooke08@hotmail.com,iterate scalable e-markets,Nathanhaven,New York,1978-03-10 13:29:55,Off test price unit professor instead crime grow. Too reason election wall claim size fall.,Adaptive static Graphic Interface,Western Negroid(Western Africa and most African Americans as they were taken to the United States from Western Africa)
Michael Skinner,"6054 Walters Well
Port John, ID 98343",david01@wilkins-stewart.com,scale B2B technologies,South Patriciaberg,New Mexico,1980-03-01 02:04:28,Enter week guy him boy reflect other. Less view eat education forget.,Fundamental transitional data-warehouse,Slavic(Eastern Europe and Russia)
Christine Kelly,"18564 Aaron Streets
Port Alice, TX 87366",rpace@gmail.com,architect bricks-and-clicks e-commerce,Port Dana,North Carolina,2018-09-04 23:35:56,Future each close. West officer available again spring. Position commercial them risk head.,Centralized methodical leverage,Jewish (Azekhazani Jews)
Tina Edwards,"326 Patrick Ridge Suite 928
Ayerston, MD 91463",bsnyder@combs.net,orchestrate plug-and-play synergies,Natalieton,Hawaii,1983-06-19 00:48:37,Project under resource mean agent. Little value tonight wear image.,User-friendly object-oriented superstructure,Eastern Negroid (Somalia/Ethiopia/Sudan/Chad)
Amanda Carter,"3528 Oconnell Summit
New Stevenchester, ID 14531",brandondiaz@thompson.org,aggregate web-enabled applications,Kingtown,Indiana,2009-04-14 17:42:22,Home maybe tend nothing anything price because.,Face-to-face system-worthy core,"Sub Aryan(Spain, Italy, Greek)"
Emily Flores,"104 Lee Drive Suite 331
New Bruce, SD 82644",rodrigueznathaniel@hendricks-knapp.info,enable compelling content,North Mark,Wisconsin,2017-09-14 06:05:44,May month along nearly. Player forget for understand people yourself report. Smile man save. Hair organization end car study stock.,Expanded coherent info-mediaries,Dravidans (South India/ Sri Lanka)
Linda Foster,"384 Holmes Flats Apt. 140
Robertfort, UT 90379",paul84@woods-lane.org,deploy one-to-one vortals,New Amy,North Carolina,1984-03-22 02:07:06,Seven authority maintain. Tree community especially term beautiful show trouble. Make finally again shoulder hope professor talk both.,Integrated 3rdgeneration standardization,Mongolese (ancestor to many of the current Asians)
Thomas Gonzalez DDS,"Unit 9582 Box 4394
DPO AP 36398",michael11@wang.info,utilize customized technologies,New Diane,Iowa,1980-01-26 19:42:23,Four shake management. There least study month. Military should new figure.,Reactive bandwidth-monitored interface,"Sub Aryan(Spain, Italy, Greek)"
Jason Young,"8582 Brandi Locks
Michaelland, MA 26071",pbarrera@yahoo.com,embrace out-of-the-box web-readiness,West Brittanyland,Michigan,2008-06-10 00:10:35,Sure try oil short on. Interesting contain bit win.,Cross-platform 24hour portal,Western Negroid(Western Africa and most African Americans as they were taken to the United States from Western Africa)
Justin Bailey,"331 Jessica Valleys
Port Michael, GA 99545",yrivas@gmail.com,mesh e-business paradigms,Port Michaelport,Iowa,1976-05-12 02:38:20,Director own different debate customer half live. Tv participant special fly by also nor yes.,Upgradable fault-tolerant functionalities,Jewish (Azekhazani Jews)
Joseph Collins,"34702 Waller Radial Suite 008
Hayesborough, OK 54802",watsonjeremy@conrad-james.org,deliver ubiquitous applications,South Donaldberg,Iowa,2002-03-09 12:25:55,Check past sound already down car manager answer. Miss expert dog bar. Catch medical man finally. Capital between own deal mouth stock although.,Automated fresh-thinking Local Area Network,Dravidans (South India/ Sri Lanka)
Eduardo Mcconnell,"7499 Rhodes Harbor
Mercadoshire, CO 46680",oreid@yahoo.com,syndicate scalable applications,South Davidland,North Carolina,1976-06-03 20:04:26,Authority four lay about.,Operative object-oriented open system,"Sub Aryan(Spain, Italy, Greek)"
Amy Johnston,"746 Perkins River Suite 828
North Johnshire, NV 41134",lmoore@yahoo.com,iterate dot-com metrics,Lake Melissa,Pennsylvania,2015-04-27 06:43:54,Choice choice theory item so least coach. However fund oil information ask. Point hospital allow sea that agent anything.,Virtual executive synergy,Eastern Negroid (Somalia/Ethiopia/Sudan/Chad)
Holly Conner,"75125 Williams Shoals
Morrishaven, GA 37527",april87@spears-snow.com,orchestrate value-added users,Loriside,Ohio,1991-06-25 22:10:16,Tough purpose film market hotel research door. Some single throw inside. Interview may still growth look five alone capital.,Ergonomic cohesive project,Middle Eastern Caucasoid (Saudi Arabia/ White part of Egypt/ Middle East)
Stanley Hoover,"83755 Sherry Valley
Johnsonville, CO 54083",xlewis@gmail.com,drive frictionless action-items,Williamshire,Tennessee,2012-06-05 23:02:22,Bed poor price family culture even. Left build rather leader. Place far behavior condition.,Synergized bi-directional database,Dravidans (South India/ Sri Lanka)
Kenneth Boyd,"5122 Mathews Junction Suite 593
Lake Jakeborough, WY 37061",maciasroberto@hotmail.com,incubate rich solutions,North Nicole,Vermont,2002-09-25 17:47:33,World quickly from material ready. Notice these effort grow at operation heart.,Future-proofed hybrid architecture,"Sub Aryan(Spain, Italy, Greek)"
Stacey Leonard,"4681 Susan Cliffs Apt. 739
Jenniferfort, NJ 28197",jeremy92@gmail.com,reinvent holistic convergence,South Suzanne,Idaho,2009-09-07 11:23:46,Strong check question final itself dinner condition. Find window as perform industry century stage. Left however candidate night compare court.,Quality-focused tangible time-frame,Slavic(Eastern Europe and Russia)
Jonathan Kim,"66916 Gordon Trail Apt. 871
East Samantha, NH 67408",wkelly@yahoo.com,empower open-source platforms,Jessicachester,Delaware,1975-11-04 12:38:20,Foot family owner. Sometimes admit friend especially dream capital. Prevent during not board but.,Stand-alone 5thgeneration hub,Dravidans (South India/ Sri Lanka)
Kayla Holder,"639 Nichole Square
Cassandramouth, MS 50030",mitchellandrea@rodriguez.com,mesh seamless communities,Brownhaven,Minnesota,1970-07-24 22:59:56,Design response himself study enough yourself. Growth determine Mrs half film news whatever.,Organic mission-critical service-desk,Dravidans (South India/ Sri Lanka)
Kathleen Blevins,"Unit 6699 Box 3756
DPO AP 73499",foleypamela@gmail.com,optimize robust metrics,East Kayla,Louisiana,2008-09-28 03:50:16,System offer fire crime fight over bring. Lose at all save child back design. Weight second start especially.,Multi-tiered asynchronous website,Mongolese (ancestor to many of the current Asians)
Gabriel Tran,"29787 Susan Orchard Apt. 041
New Stuart, RI 80686",riggstravis@davis.info,facilitate best-of-breed functionalities,Port Andrehaven,Montana,2010-06-10 13:58:17,Dream move air hundred discuss star. Site while traditional he we other rich choose. Paper responsibility understand feeling thought.,Polarized eco-centric algorithm,Slavic(Eastern Europe and Russia)
Christian Salazar,"2228 Hardin Junctions
Bakerhaven, DC 35056",ryan92@olson.org,synergize cross-platform e-commerce,Lake Jessica,South Carolina,1979-06-05 04:49:17,Guess show describe early stop citizen never rich. Bad public long music.,Seamless human-resource frame,Mongolese (ancestor to many of the current Asians)
Lauren Cummings,"4302 Smith Track Apt. 489
South Sandra, MO 63463",uponce@yahoo.com,redefine back-end web services,Douglasside,Wisconsin,2011-08-19 17:27:43,And computer service include already practice. Realize worry green interesting evidence.,Grass-roots optimizing adapter,Jewish (Azekhazani Jews)
Danielle Gomez,"7878 Julie Summit Suite 853
Jonathanhaven, VA 56035",lblevins@hotmail.com,matrix intuitive relationships,Lake Arthur,Rhode Island,2015-09-13 15:09:15,Design likely similar ball wall same. Data care keep section myself parent. Address commercial law research also.,Public-key solution-oriented migration,"Indo-Aryan(much of northern India, Pakistan, Iran)"
Amanda Gomez,"542 Butler Hills Suite 486
Mariahaven, AZ 42715",robertschwartz@allen.info,extend global mindshare,Jillbury,Texas,1983-06-01 23:04:16,Indeed character difference they teach top billion modern. Itself book view move second area.,Focused bandwidth-monitored capacity,"Indo-Aryan(much of northern India, Pakistan, Iran)"
Tiffany Cruz,"84896 Kathryn Centers Apt. 962
East Christinafurt, TN 61700",nicholasrush@gmail.com,optimize best-of-breed niches,Kevinchester,Louisiana,1973-07-13 19:02:15,Window begin step order money herself. Owner heart guess middle speak tell different.,Fundamental bandwidth-monitored attitude,Slavic(Eastern Europe and Russia)
Christopher Daniel,"782 Cameron Extensions
Markton, VT 74643",wangjames@tucker-holt.com,unleash B2B methodologies,Kevinside,South Dakota,1973-09-04 16:09:25,Audience ten of. Story form citizen generation blue agreement table far. Increase left house receive store. Him option president anyone debate organization.,Total motivating open system,Slavic(Eastern Europe and Russia)
Danielle Carpenter,"USCGC Malone
FPO AP 16496",xbrooks@hotmail.com,evolve back-end functionalities,Lake Angelaport,Washington,1980-12-04 02:28:16,Factor two write response while purpose education city. Plan thus store key someone claim. Protect score deep course building. Leg today choice week possible last.,Sharable mobile standardization,Middle Eastern Caucasoid (Saudi Arabia/ White part of Egypt/ Middle East)
George Harris,"618 Sarah Track
Lake Crystalberg, VA 49998",otanner@boyd.com,re-contextualize 24/7 initiatives,Lake Martha,Connecticut,1973-06-07 07:02:13,Country dream among. Present watch position establish similar manage.,Grass-roots solution-oriented policy,Slavic(Eastern Europe and Russia)
Karen Beck,"1839 Derek Square Apt. 955
Royborough, AL 46428",armstrongjoshua@davidson.com,repurpose impactful info-mediaries,Curtischester,Kansas,1982-05-06 11:08:33,Whom science world. Board audience focus when.,Re-contextualized intangible functionalities,"Sub Aryan(Spain, Italy, Greek)"
Alexandra Sandoval,"798 Brown Roads Suite 252
Everettmouth, VT 23053",debbielopez@griffin.com,revolutionize efficient info-mediaries,Curtistown,Pennsylvania,2009-10-14 21:03:54,Program computer another night arrive others per religious.,Enterprise-wide homogeneous budgetary management,Dravidans (South India/ Sri Lanka)
John Jackson,"229 Johnson Motorway Suite 066
Gloverhaven, ME 21303",wilsonrobert@hotmail.com,utilize world-class e-markets,North Lisashire,Louisiana,2001-08-12 09:15:32,Player field Republican offer large travel worry seat. Garden although do their break blue mother allow.,Automated 5thgeneration customer loyalty,Caucasoid Aryan(Western and Northern Europe)
Steven Davis,"9767 Smith Square
North Marc, TX 46660",kristen30@yahoo.com,drive back-end eyeballs,Kelleytown,West Virginia,2016-10-17 03:49:24,Beyond fill similar either teacher. Between dog stage move through member down.,Cloned interactive moratorium,"Australoid(Australian natives, indonesia)"
Carrie Harris,"473 Gross Parkways
North Linda, NJ 40698",wpearson@gmail.com,syndicate interactive interfaces,Port Jeremyside,Kentucky,1987-08-24 15:16:56,Quickly tough key career six particular left step. Edge instead example letter season. Wind thousand prevent true question follow already. Doctor one full low citizen white.,Ameliorated fresh-thinking analyzer,Dravidans (South India/ Sri Lanka)
Brian Salinas,"9290 Mary Plains
Johnfurt, NY 71972",robert73@gmail.com,revolutionize distributed interfaces,Andreborough,Arizona,1976-10-01 02:57:33,Church little executive bag somebody.,Reverse-engineered directional instruction set,"Sub Aryan(Spain, Italy, Greek)"
Mark Andrade,"417 Singh Expressway Suite 429
New Meghanchester, SD 06080",haydenashley@young.net,incubate e-business deliverables,Lake Christopher,Arkansas,2008-10-17 10:14:45,Rich writer beyond wonder color town. Exist choice have. Every knowledge blood end my stuff.,Quality-focused even-keeled pricing structure,Western Negroid(Western Africa and most African Americans as they were taken to the United States from Western Africa)
William Schultz,"8843 Richard Trail Apt. 165
North Michelle, AK 33973",gsmith@gmail.com,reinvent viral synergies,Juanberg,Georgia,1973-03-28 05:47:38,Nearly cup head letter. Measure certain conference pattern wife expect glass.,User-centric homogeneous migration,Middle Eastern Caucasoid (Saudi Arabia/ White part of Egypt/ Middle East)
Dakota Bates,"63941 John Curve
West Gary, NC 10939",vsmith@gmail.com,optimize granular platforms,Smithtown,New Jersey,1996-07-11 10:04:01,Among source record sea price somebody area any. Next realize piece play that employee meet. Board fill how through music north baby.,Persistent 4thgeneration middleware,Dravidans (South India/ Sri Lanka)
Richard Anthony,"8021 Green Court Apt. 449
Gregoryburgh, RI 39696",nclarke@yahoo.com,matrix magnetic markets,South Michaelport,Maine,2004-12-27 17:59:51,Order next yard. Also describe technology. Apply sea be kid live at green campaign.,Distributed context-sensitive project,Eastern Negroid (Somalia/Ethiopia/Sudan/Chad)
Michael Griffith,"480 Boyd Centers
Castilloport, SC 07815",pricetaylor@gmail.com,expedite distributed vortals,Davidbury,Michigan,1977-03-06 13:32:30,Range kitchen growth back whose article foreign. Number issue man and question argue entire drive.,Expanded radical emulation,"Indo-Aryan(much of northern India, Pakistan, Iran)"
Tanya Ramirez,"23370 Brian Ferry
Danielbury, NV 76291",brendamorales@gmail.com,re-intermediate mission-critical ROI,Petersonmouth,Florida,1984-10-01 10:24:13,Peace hope off field reflect possible each their.,Adaptive tertiary knowledge user,"Sub Aryan(Spain, Italy, Greek)"
Brenda Petersen,"490 Joseph Point
Collinschester, IL 25993",xgoodman@yahoo.com,deploy e-business relationships,West Daniel,Idaho,2001-05-17 12:30:56,Town imagine a lose start born. Reach treatment ability market shoulder. Answer now computer all sure simple key growth.,Front-line multi-tasking focus group,Mongolese (ancestor to many of the current Asians)
Robert Crawford,"Unit 9724 Box 6195
DPO AE 09023",danielsheather@yahoo.com,disintermediate back-end bandwidth,South Christopher,Wisconsin,2002-05-09 05:54:58,National some whatever statement hard central. Performance board sing rise. Stay bed operation station item always.,Reactive neutral collaboration,Dravidans (South India/ Sri Lanka)
Beth Hayes,"95831 Melissa Keys Apt. 680
South Bryce, WI 04432",ealexander@hotmail.com,deploy leading-edge e-commerce,Herbertburgh,Colorado,2014-10-23 08:13:45,Professor prevent brother top.,Multi-lateral fault-tolerant system engine,"Indo-Aryan(much of northern India, Pakistan, Iran)"
Stephanie Henry,"349 Eric Lake
East Sabrinaburgh, MD 91659",timothymcdonald@morris.com,disintermediate global architectures,South Jamestown,Oregon,2014-07-31 22:09:17,Water most out picture upon. Because fear realize happen he. Something allow final voice treatment role.,Seamless interactive firmware,American Natives (Cherokee/ Al paca tribes)
Casey Charles,"1947 Charlene Roads Suite 306
Melindaview, MA 72207",millersarah@hotmail.com,aggregate sexy infrastructures,Thomasburgh,Oregon,1971-01-06 10:20:26,Sound million light take people. Fact president know arrive second.,Organic radical archive,"Australoid(Australian natives, indonesia)"
Stephen Warner,"911 Adam Club Apt. 145
South William, RI 44521",juliebrooks@gmail.com,empower impactful interfaces,Kimberlyhaven,West Virginia,1971-05-23 05:00:57,These church debate spend pretty. Doctor admit open course risk worker camera.,Persistent explicit functionalities,American Natives (Cherokee/ Al paca tribes)
Michael Arroyo,"5671 Tiffany Mills
Jennifermouth, OK 61465",mooremichael@gmail.com,expedite 24/7 interfaces,East Carlaborough,Hawaii,2015-09-05 18:24:00,Team travel onto modern bank tell might. Almost upon media.,Visionary local time-frame,Dravidans (South India/ Sri Lanka)
Mike Garrett,"7224 Stacy Parkways
New Matthew, GA 72960",anitahiggins@evans.biz,disintermediate dot-com markets,South Christopherbury,Nebraska,1980-09-18 10:41:08,Participant create look born happy themselves else. Purpose apply marriage able same I summer upon. Time majority performance idea move.,Decentralized explicit utilization,Mongolese (ancestor to many of the current Asians)
Terry Gonzales,"9920 Martinez Manors
Port Lawrencemouth, DE 35030",elizabethrich@wood.biz,mesh plug-and-play relationships,Heatherhaven,Alabama,1998-03-25 00:04:44,Budget article blue far ok last. Security book seek far.,Stand-alone mission-critical extranet,Middle Eastern Caucasoid (Saudi Arabia/ White part of Egypt/ Middle East)
Carly Gray,"647 Carrie Field Apt. 534
North Ginaland, CO 55117",gcombs@beck-cannon.info,grow mission-critical web-readiness,East Rachelmouth,Virginia,1991-06-21 20:28:22,Write practice need kind station almost. Ago choose game he security. Discussion real difference weight your she drug.,Realigned homogeneous data-warehouse,Jewish (Azekhazani Jews)
Ryan Hayes,"21979 Gregory Groves
Martinezchester, RI 70767",stephensscott@yahoo.com,leverage distributed bandwidth,Hallborough,Georgia,2004-12-20 07:09:52,Beat region sense professor. Understand your also catch above. Girl really decade.,Organic zero administration paradigm,Dravidans (South India/ Sri Lanka)
Mr. Jonathan Thomas DDS,"32549 White Shore
Lake Tyler, AL 07632",brandonskinner@carroll.com,harness plug-and-play web services,Lake Daniel,California,1980-11-14 04:11:19,Yeah majority behavior leave. Political on top specific.,Phased optimal functionalities,Dravidans (South India/ Sri Lanka)
Julie Bryant,"92539 Matthews Expressway
Debbieport, SD 92496",gregory08@yahoo.com,syndicate cutting-edge infrastructures,Millerbury,Alaska,1988-02-01 09:11:25,Your two next relate very war right. Top boy hotel camera because protect audience. Early certain none.,Innovative upward-trending implementation,"Australoid(Australian natives, indonesia)"
Erin Moore,"09081 Fuller Plaza
Port Kennethberg, NC 62912",kmartin@landry.biz,re-intermediate dynamic networks,West Christinechester,Arizona,2016-03-30 09:29:33,Middle full effect protect. Issue Republican run fine realize church laugh.,Ameliorated scalable interface,Western Negroid(Western Africa and most African Americans as they were taken to the United States from Western Africa)
Mr. Brian Griffin,"539 Juan Light Apt. 397
New Jesse, MI 04383",seancarrillo@jones.net,maximize mission-critical info-mediaries,South Phillipview,Georgia,1989-04-04 05:11:52,How time study out check. Forget above story write heart wrong enough.,Profound reciprocal interface,American Natives (Cherokee/ Al paca tribes)
Mallory Beltran,"891 Hernandez Crossing
Greenfurt, CO 60471",bradleymary@esparza-miles.net,monetize impactful content,Millerberg,Alabama,1972-02-10 14:17:24,Rich thousand stage approach like feel newspaper without. Buy tax source city.,Innovative static methodology,Caucasoid Aryan(Western and Northern Europe)
Laura Beasley,"404 Holder Gateway Apt. 579
Cynthiamouth, SC 55562",zwilliams@waters.org,monetize impactful e-commerce,North Adamside,New York,2008-07-29 19:48:13,Course staff avoid role dinner man buy. Table smile keep sing together piece. Adult the system any. Dark protect low water make health Democrat.,Open-architected coherent function,"Australoid(Australian natives, indonesia)"
Benjamin Higgins,"5638 Jodi Stream
Port Kylie, AK 61750",joseph27@brown.com,envisioneer virtual applications,Christianburgh,Rhode Island,1987-02-04 01:34:27,Common friend model enjoy four film church. Until recent price. Myself voice cold.,Front-line bi-directional data-warehouse,Mongolese (ancestor to many of the current Asians)
Todd Brown,"606 Gutierrez Ramp Suite 586
Port Jacquelineview, ND 90466",fbates@berry.org,iterate transparent markets,Lambertville,Alabama,1986-05-05 15:19:19,Color outside reach spring store. Movie reduce least not state question care. Black data never star.,Seamless multi-tasking projection,American Natives (Cherokee/ Al paca tribes)
Michael Stephens,"Unit 0927 Box 7910
DPO AA 49867",wyattthomas@gmail.com,evolve interactive portals,Port Randy,California,1991-04-15 20:22:46,Dinner word travel recent else economic by.,Programmable eco-centric monitoring,Jewish (Azekhazani Jews)
Kyle Mendez,"5938 Parsons Corner Suite 832
Katieberg, AK 15357",lturner@cameron.org,engage value-added bandwidth,New Lawrence,Maryland,1990-02-04 12:15:33,Exist edge should she. Race anything beyond require choose. Whole that similar sure adult before.,Down-sized 4thgeneration framework,American Natives (Cherokee/ Al paca tribes)
Denise Hunt,"8049 Cheryl Ways Apt. 531
Scottfort, NV 32422",anthonyhebert@yahoo.com,redefine 24/365 deliverables,Port Meganchester,New York,1983-02-24 10:20:06,Future learn security three stop suffer into. Leader create use you begin. Way ok budget all network.,Organic bi-directional open architecture,Dravidans (South India/ Sri Lanka)
Kyle Garcia,"412 Megan Summit
New Heatherview, WA 14352",phubbard@vance.com,incubate plug-and-play e-business,Meltonberg,Wyoming,1993-03-02 12:58:50,Race care often community.,Enhanced mobile Graphic Interface,Caucasoid Aryan(Western and Northern Europe)
Lisa Osborne,"32490 Shannon Loop Suite 994
North Gabriellaton, FL 71429",kathrynstokes@taylor.info,facilitate vertical infrastructures,Cookside,Washington,1976-01-07 18:52:24,Together present why laugh floor catch design. Remember anything a indicate positive themselves head.,Centralized reciprocal solution,Western Negroid(Western Africa and most African Americans as they were taken to the United States from Western Africa)
Vicki Becker,"7252 Johnson Valleys
Port Kennethmouth, NM 10310",jason50@estes.com,unleash viral ROI,Port Williamchester,Kentucky,2017-06-04 10:15:32,Drop challenge coach between business door but. Anyone race lot good economic.,Self-enabling optimal model,Slavic(Eastern Europe and Russia)
Lauren Barker,"USNV Hamilton
FPO AP 11444",doughertykristen@gmail.com,generate intuitive relationships,South Brittany,Iowa,2008-03-13 09:27:46,Left machine reason fast fall identify. Drop for speech despite student.,Fundamental tertiary Graphic Interface,Slavic(Eastern Europe and Russia)
Mr. Carlos Gates,"09593 Kristen Dale
South Emilyview, UT 66624",mjones@hotmail.com,e-enable seamless supply-chains,Palmerborough,Mississippi,1982-07-09 05:14:19,Most buy carry candidate two teach country. Itself between current usually movement whom marriage.,Cross-platform actuating help-desk,"Australoid(Australian natives, indonesia)"
Christopher Anderson,"024 Kayla Skyway Suite 548
Carrieside, IL 39040",thomas91@griffin.com,benchmark front-end technologies,South Kevin,North Dakota,1989-10-26 04:26:21,Season mother choose move. Maintain significant lead government attorney environmental authority decision. Agree cut draw central American image.,Object-based tangible conglomeration,Slavic(Eastern Europe and Russia)
Andrew Gonzalez,"5613 Johnny Mount Suite 308
Davidfort, MI 04470",amanda60@wilson.org,transition enterprise e-markets,West Rachel,North Dakota,1980-11-22 22:53:56,Position whose participant join so. Sister call budget hundred risk college a information. Information little effort control wonder series start. Several prevent carry vote involve never development check.,Multi-tiered needs-based paradigm,"Sub Aryan(Spain, Italy, Greek)"
Billy Williams,"27421 Michelle Unions Apt. 926
Andersontown, OH 07145",smithjohn@terrell-jones.com,aggregate 24/7 info-mediaries,Brendaberg,New Hampshire,1973-09-05 02:21:04,Minute call huge fly success smile. College executive thank. Pretty candidate look husband street.,Virtual leadingedge project,Slavic(Eastern Europe and Russia)
Eric Mcguire,"07101 Kevin Branch Apt. 401
Orozcostad, MD 27690",paul29@yahoo.com,envisioneer rich convergence,Travismouth,Delaware,2008-10-23 23:36:32,Front another possible expert audience. Throw sport dark. Program draw without parent continue suffer cup million. Stock share plant team environment skill.,Cross-platform multi-tasking initiative,Western Negroid(Western Africa and most African Americans as they were taken to the United States from Western Africa)
Nicolas Rose,"08205 Julie Falls
Lake Alexander, CO 60559",jjones@price.com,benchmark scalable users,North Christopher,Washington,1989-02-23 20:19:37,Find brother community future movement building enough. Sing radio human computer smile long. Poor draw skill.,Synergized actuating neural-net,Dravidans (South India/ Sri Lanka)
Matthew Hopkins,"27065 Allen Lights Suite 816
North Tanner, DE 10568",jenniferthomas@yahoo.com,synthesize out-of-the-box channels,West Cameron,Ohio,2009-12-21 06:31:02,Time product not high. Business seven ready surface way on general.,Mandatory heuristic budgetary management,"Sub Aryan(Spain, Italy, Greek)"
Scott Reyes,"89667 Emily Creek
East Stephanie, WI 48179",sheilaclark@yahoo.com,visualize cutting-edge interfaces,Cardenashaven,Nevada,1972-01-30 15:27:51,Action forget serious make. Tv treat finally identify relate message. Everything lead find. Cultural method former walk less improve boy.,Future-proofed bi-directional firmware,American Natives (Cherokee/ Al paca tribes)
Daniel Gilbert,"USNS Johnson
FPO AE 85734",ronniejones@hotmail.com,streamline user-centric methodologies,North Jamesbury,West Virginia,2001-12-14 20:32:07,Seat cause ready. Third Congress form me cover design wonder. Although seem she claim over total court fund.,Managed systemic implementation,"Australoid(Australian natives, indonesia)"
Christopher Allen,"779 Kara Vista Apt. 781
Aguirrefort, IN 14401",hayesgeorge@yahoo.com,reinvent wireless web-readiness,West Jonathan,Missouri,1998-11-18 10:28:37,Visit rise do something employee break their quite. Like drug activity thought Democrat white.,Reverse-engineered disintermediate application,Western Negroid(Western Africa and most African Americans as they were taken to the United States from Western Africa)
Cassandra Mckinney,"993 Martin Landing Apt. 510
Christophermouth, KS 70751",williamsdonna@hotmail.com,drive open-source experiences,Susanton,Kentucky,2019-06-24 03:02:06,Three also think out chance. Hour line rise red science play. Box early news each. Form perform hit matter.,Function-based composite function,Mongolese (ancestor to many of the current Asians)
Richard Mullins,"1467 Bailey Mount
Port Danny, MI 12178",amywright@matthews.com,harness mission-critical synergies,South Meganhaven,Illinois,1996-10-11 04:55:55,Choose paper set successful tough age. Sport report upon follow case open.,Versatile fault-tolerant alliance,Caucasoid Aryan(Western and Northern Europe)
Matthew Taylor,"945 William Drives
Alanport, NE 78515",udennis@hotmail.com,revolutionize back-end action-items,Rebeccaberg,West Virginia,2014-05-29 20:33:00,Thank high music. Discover responsibility season way will road. Local sport create measure general ready generation across. Deep can interest natural I specific.,Monitored multimedia system engine,Caucasoid Aryan(Western and Northern Europe)
